"","Grid Size","Value","Analysis"
"1","25","2.842","Mean"
"2","25","3","Mode"
"3","25","3","Median"
"4","50","3.499","Mean"
"5","50","3","Mode"
"6","50","3","Median"
"7","75","3.958","Mean"
"8","75","4","Mode"
"9","75","4","Median"
"10","100","4.079","Mean"
"11","100","4","Mode"
"12","100","4","Median"
"13","125","4.407","Mean"
"14","125","4","Mode"
"15","125","4","Median"
"16","150","4.617","Mean"
"17","150","4","Mode"
"18","150","5","Mode"
"19","150","5","Median"
"20","175","4.688","Mean"
"21","175","5","Mode"
"22","175","5","Median"
"23","200","4.926","Mean"
"24","200","5","Mode"
"25","200","5","Median"
"26","225","5.03","Mean"
"27","225","5","Mode"
"28","225","5","Median"
"29","250","5.166","Mean"
"30","250","4","Mode"
"31","250","5","Mode"
"32","250","5","Median"
"33","275","5.286","Mean"
"34","275","5","Mode"
"35","275","5","Median"
"36","300","5.202","Mean"
"37","300","5","Mode"
"38","300","5","Median"
"39","325","5.414","Mean"
"40","325","5","Mode"
"41","325","5","Median"
"42","350","5.457","Mean"
"43","350","5","Mode"
"44","350","5","Median"
"45","375","5.584","Mean"
"46","375","5","Mode"
"47","375","5","Median"
"48","400","5.535","Mean"
"49","400","5","Mode"
"50","400","5","Median"
"51","425","5.596","Mean"
"52","425","5","Mode"
"53","425","5","Median"
"54","450","5.595","Mean"
"55","450","5","Mode"
"56","450","5","Median"
"57","475","5.726","Mean"
"58","475","6","Mode"
"59","475","6","Median"
"60","500","5.851","Mean"
"61","500","5","Mode"
"62","500","6","Median"
"63","525","5.787","Mean"
"64","525","5","Mode"
"65","525","6","Median"
"66","550","6.064","Mean"
"67","550","6","Mode"
"68","550","6","Median"
"69","575","5.99","Mean"
"70","575","5","Mode"
"71","575","6","Median"
"72","600","5.842","Mean"
"73","600","5","Mode"
"74","600","6","Median"
"75","625","5.863","Mean"
"76","625","5","Mode"
"77","625","6","Median"
"78","650","6.083","Mean"
"79","650","5","Mode"
"80","650","6","Median"
"81","675","6.147","Mean"
"82","675","6","Mode"
"83","675","6","Median"
"84","700","6.176","Mean"
"85","700","6","Mode"
"86","700","6","Median"
"87","725","6.201","Mean"
"88","725","6","Mode"
"89","725","6","Median"
"90","750","6.132","Mean"
"91","750","6","Mode"
"92","750","6","Median"
"93","775","6.196","Mean"
"94","775","6","Mode"
"95","775","6","Median"
"96","800","6.248","Mean"
"97","800","6","Mode"
"98","800","6","Median"
"99","825","6.333","Mean"
"100","825","6","Mode"
"101","825","6","Median"
"102","850","6.286","Mean"
"103","850","6","Mode"
"104","850","6","Median"
"105","875","6.242","Mean"
"106","875","6","Mode"
"107","875","6","Median"
"108","900","6.388","Mean"
"109","900","5","Mode"
"110","900","6","Median"
"111","925","6.385","Mean"
"112","925","6","Mode"
"113","925","6","Median"
"114","950","6.495","Mean"
"115","950","6","Mode"
"116","950","6","Median"
"117","975","6.502","Mean"
"118","975","6","Mode"
"119","975","6","Median"
"120","1000","6.532","Mean"
"121","1000","6","Mode"
"122","1000","6","Median"
"123","1025","6.574","Mean"
"124","1025","6","Mode"
"125","1025","6","Median"
"126","1050","6.646","Mean"
"127","1050","6","Mode"
"128","1050","6","Median"
"129","1075","6.492","Mean"
"130","1075","5","Mode"
"131","1075","6","Median"
"132","1100","6.513","Mean"
"133","1100","7","Mode"
"134","1100","6","Median"
"135","1125","6.666","Mean"
"136","1125","6","Mode"
"137","1125","7","Median"
"138","1150","6.626","Mean"
"139","1150","6","Mode"
"140","1150","6.5","Median"
"141","1175","6.69","Mean"
"142","1175","7","Mode"
"143","1175","7","Median"
"144","1200","6.678","Mean"
"145","1200","6","Mode"
"146","1200","7","Median"
"147","1225","6.746","Mean"
"148","1225","6","Mode"
"149","1225","7","Median"
"150","1250","6.803","Mean"
"151","1250","6","Mode"
"152","1250","7","Median"
"153","1275","6.746","Mean"
"154","1275","7","Mode"
"155","1275","7","Median"
"156","1300","6.664","Mean"
"157","1300","6","Mode"
"158","1300","6","Median"
"159","1325","6.786","Mean"
"160","1325","6","Mode"
"161","1325","7","Median"
"162","1350","6.836","Mean"
"163","1350","6","Mode"
"164","1350","7","Median"
"165","1375","6.901","Mean"
"166","1375","7","Mode"
"167","1375","7","Median"
"168","1400","6.873","Mean"
"169","1400","6","Mode"
"170","1400","7","Median"
"171","1425","6.956","Mean"
"172","1425","7","Mode"
"173","1425","7","Median"
"174","1450","6.823","Mean"
"175","1450","7","Mode"
"176","1450","7","Median"
"177","1475","6.992","Mean"
"178","1475","7","Mode"
"179","1475","7","Median"
"180","1500","6.9","Mean"
"181","1500","7","Mode"
"182","1500","7","Median"
"183","1525","6.846","Mean"
"184","1525","6","Mode"
"185","1525","7","Median"
"186","1550","6.973","Mean"
"187","1550","7","Mode"
"188","1550","7","Median"
"189","1575","6.96","Mean"
"190","1575","6","Mode"
"191","1575","7","Median"
"192","1600","6.918","Mean"
"193","1600","6","Mode"
"194","1600","7","Median"
"195","1625","7.147","Mean"
"196","1625","8","Mode"
"197","1625","7","Median"
"198","1650","6.982","Mean"
"199","1650","7","Mode"
"200","1650","7","Median"
"201","1675","7.026","Mean"
"202","1675","6","Mode"
"203","1675","7","Median"
"204","1700","7.014","Mean"
"205","1700","6","Mode"
"206","1700","7","Median"
"207","1725","7.113","Mean"
"208","1725","7","Mode"
"209","1725","7","Median"
"210","1750","7.03","Mean"
"211","1750","7","Mode"
"212","1750","7","Median"
"213","1775","7.072","Mean"
"214","1775","7","Mode"
"215","1775","7","Median"
"216","1800","7.094","Mean"
"217","1800","7","Mode"
"218","1800","7","Median"
"219","1825","7.104","Mean"
"220","1825","7","Mode"
"221","1825","7","Median"
"222","1850","7.074","Mean"
"223","1850","7","Mode"
"224","1850","7","Median"
"225","1875","7.029","Mean"
"226","1875","7","Mode"
"227","1875","7","Median"
"228","1900","6.976","Mean"
"229","1900","6","Mode"
"230","1900","7","Median"
"231","1925","7.123","Mean"
"232","1925","7","Mode"
"233","1925","7","Median"
"234","1950","7.235","Mean"
"235","1950","6","Mode"
"236","1950","7","Median"
"237","1975","7.099","Mean"
"238","1975","6","Mode"
"239","1975","7","Median"
"240","2000","7.23","Mean"
"241","2000","6","Mode"
"242","2000","7","Median"
"243","2025","7.202","Mean"
"244","2025","7","Mode"
"245","2025","7","Median"
"246","2050","7.29","Mean"
"247","2050","6","Mode"
"248","2050","7","Mode"
"249","2050","7","Median"
"250","2075","7.287","Mean"
"251","2075","7","Mode"
"252","2075","7","Median"
"253","2100","7.253","Mean"
"254","2100","7","Mode"
"255","2100","7","Median"
"256","2125","7.37","Mean"
"257","2125","7","Mode"
"258","2125","7","Median"
"259","2150","7.295","Mean"
"260","2150","7","Mode"
"261","2150","7","Median"
"262","2175","7.237","Mean"
"263","2175","6","Mode"
"264","2175","7","Median"
"265","2200","7.265","Mean"
"266","2200","8","Mode"
"267","2200","7","Median"
"268","2225","7.346","Mean"
"269","2225","7","Mode"
"270","2225","7","Median"
"271","2250","7.217","Mean"
"272","2250","7","Mode"
"273","2250","7","Median"
"274","2275","7.349","Mean"
"275","2275","6","Mode"
"276","2275","7","Median"
"277","2300","7.274","Mean"
"278","2300","6","Mode"
"279","2300","7","Mode"
"280","2300","7","Median"
"281","2325","7.291","Mean"
"282","2325","7","Mode"
"283","2325","7","Median"
"284","2350","7.468","Mean"
"285","2350","7","Mode"
"286","2350","7","Median"
"287","2375","7.513","Mean"
"288","2375","7","Mode"
"289","2375","7","Median"
"290","2400","7.402","Mean"
"291","2400","7","Mode"
"292","2400","7","Median"
"293","2425","7.487","Mean"
"294","2425","7","Mode"
"295","2425","7","Median"
"296","2450","7.408","Mean"
"297","2450","6","Mode"
"298","2450","7","Median"
"299","2475","7.364","Mean"
"300","2475","7","Mode"
"301","2475","7","Median"
"302","2500","7.477","Mean"
"303","2500","6","Mode"
"304","2500","7","Median"
"305","2525","7.487","Mean"
"306","2525","7","Mode"
"307","2525","7","Median"
"308","2550","7.317","Mean"
"309","2550","8","Mode"
"310","2550","7","Median"
"311","2575","7.497","Mean"
"312","2575","7","Mode"
"313","2575","7","Median"
"314","2600","7.475","Mean"
"315","2600","7","Mode"
"316","2600","7","Median"
"317","2625","7.325","Mean"
"318","2625","8","Mode"
"319","2625","7","Median"
"320","2650","7.472","Mean"
"321","2650","8","Mode"
"322","2650","7","Median"
"323","2675","7.472","Mean"
"324","2675","8","Mode"
"325","2675","7","Median"
"326","2700","7.54","Mean"
"327","2700","7","Mode"
"328","2700","7","Median"
"329","2725","7.594","Mean"
"330","2725","6","Mode"
"331","2725","7","Median"
"332","2750","7.447","Mean"
"333","2750","7","Mode"
"334","2750","7","Median"
"335","2775","7.635","Mean"
"336","2775","7","Mode"
"337","2775","7","Median"
"338","2800","7.523","Mean"
"339","2800","7","Mode"
"340","2800","7","Median"
"341","2825","7.653","Mean"
"342","2825","6","Mode"
"343","2825","7","Mode"
"344","2825","7","Median"
"345","2850","7.58","Mean"
"346","2850","7","Mode"
"347","2850","7","Median"
"348","2875","7.51","Mean"
"349","2875","7","Mode"
"350","2875","7","Median"
"351","2900","7.473","Mean"
"352","2900","8","Mode"
"353","2900","7","Median"
"354","2925","7.584","Mean"
"355","2925","6","Mode"
"356","2925","7","Median"
"357","2950","7.573","Mean"
"358","2950","7","Mode"
"359","2950","7","Median"
"360","2975","7.577","Mean"
"361","2975","7","Mode"
"362","2975","8","Median"
"363","3000","7.442","Mean"
"364","3000","7","Mode"
"365","3000","7","Median"
"366","3025","7.529","Mean"
"367","3025","7","Mode"
"368","3025","7","Median"
"369","3050","7.508","Mean"
"370","3050","7","Mode"
"371","3050","7","Median"
"372","3075","7.709","Mean"
"373","3075","7","Mode"
"374","3075","8","Median"
"375","3100","7.616","Mean"
"376","3100","7","Mode"
"377","3100","7","Median"
"378","3125","7.618","Mean"
"379","3125","7","Mode"
"380","3125","7","Median"
"381","3150","7.659","Mean"
"382","3150","6","Mode"
"383","3150","7","Median"
"384","3175","7.655","Mean"
"385","3175","7","Mode"
"386","3175","7","Median"
"387","3200","7.643","Mean"
"388","3200","7","Mode"
"389","3200","7","Median"
"390","3225","7.704","Mean"
"391","3225","8","Mode"
"392","3225","8","Median"
"393","3250","7.582","Mean"
"394","3250","6","Mode"
"395","3250","7","Median"
"396","3275","7.665","Mean"
"397","3275","7","Mode"
"398","3275","7.5","Median"
"399","3300","7.6","Mean"
"400","3300","7","Mode"
"401","3300","7","Median"
"402","3325","7.855","Mean"
"403","3325","8","Mode"
"404","3325","8","Median"
"405","3350","7.715","Mean"
"406","3350","8","Mode"
"407","3350","8","Median"
"408","3375","7.684","Mean"
"409","3375","7","Mode"
"410","3375","7","Median"
"411","3400","7.656","Mean"
"412","3400","7","Mode"
"413","3400","7","Median"
"414","3425","7.699","Mean"
"415","3425","7","Mode"
"416","3425","8","Mode"
"417","3425","8","Median"
"418","3450","7.769","Mean"
"419","3450","7","Mode"
"420","3450","8","Median"
"421","3475","7.685","Mean"
"422","3475","8","Mode"
"423","3475","8","Median"
"424","3500","7.646","Mean"
"425","3500","7","Mode"
"426","3500","8","Median"
"427","3525","7.73","Mean"
"428","3525","7","Mode"
"429","3525","7","Median"
"430","3550","7.94","Mean"
"431","3550","7","Mode"
"432","3550","8","Median"
"433","3575","7.664","Mean"
"434","3575","7","Mode"
"435","3575","8","Median"
"436","3600","7.693","Mean"
"437","3600","7","Mode"
"438","3600","7","Median"
"439","3625","7.708","Mean"
"440","3625","7","Mode"
"441","3625","8","Median"
"442","3650","7.794","Mean"
"443","3650","7","Mode"
"444","3650","8","Median"
"445","3675","7.833","Mean"
"446","3675","8","Mode"
"447","3675","8","Median"
"448","3700","7.626","Mean"
"449","3700","7","Mode"
"450","3700","7","Median"
"451","3725","7.865","Mean"
"452","3725","6","Mode"
"453","3725","8","Median"
"454","3750","7.738","Mean"
"455","3750","7","Mode"
"456","3750","7","Median"
"457","3775","7.641","Mean"
"458","3775","7","Mode"
"459","3775","7","Median"
"460","3800","7.824","Mean"
"461","3800","8","Mode"
"462","3800","8","Median"
"463","3825","7.887","Mean"
"464","3825","7","Mode"
"465","3825","8","Median"
"466","3850","7.795","Mean"
"467","3850","7","Mode"
"468","3850","8","Median"
"469","3875","7.758","Mean"
"470","3875","8","Mode"
"471","3875","8","Median"
"472","3900","7.762","Mean"
"473","3900","7","Mode"
"474","3900","8","Median"
"475","3925","7.819","Mean"
"476","3925","7","Mode"
"477","3925","8","Median"
"478","3950","7.903","Mean"
"479","3950","8","Mode"
"480","3950","8","Median"
"481","3975","7.908","Mean"
"482","3975","7","Mode"
"483","3975","8","Mode"
"484","3975","8","Median"
"485","4000","7.932","Mean"
"486","4000","8","Mode"
"487","4000","8","Median"
"488","4025","7.772","Mean"
"489","4025","7","Mode"
"490","4025","8","Median"
"491","4050","7.905","Mean"
"492","4050","7","Mode"
"493","4050","8","Median"
"494","4075","7.781","Mean"
"495","4075","8","Mode"
"496","4075","8","Median"
"497","4100","7.787","Mean"
"498","4100","7","Mode"
"499","4100","8","Median"
"500","4125","8.061","Mean"
"501","4125","8","Mode"
"502","4125","8","Median"
"503","4150","7.914","Mean"
"504","4150","7","Mode"
"505","4150","8","Mode"
"506","4150","8","Median"
"507","4175","7.943","Mean"
"508","4175","8","Mode"
"509","4175","8","Median"
"510","4200","7.92","Mean"
"511","4200","7","Mode"
"512","4200","8","Median"
"513","4225","7.897","Mean"
"514","4225","8","Mode"
"515","4225","8","Median"
"516","4250","7.976","Mean"
"517","4250","8","Mode"
"518","4250","8","Median"
"519","4275","7.933","Mean"
"520","4275","7","Mode"
"521","4275","8","Median"
"522","4300","7.958","Mean"
"523","4300","8","Mode"
"524","4300","8","Median"
"525","4325","7.865","Mean"
"526","4325","7","Mode"
"527","4325","8","Median"
"528","4350","7.98","Mean"
"529","4350","8","Mode"
"530","4350","8","Median"
"531","4375","7.884","Mean"
"532","4375","7","Mode"
"533","4375","8","Median"
"534","4400","7.984","Mean"
"535","4400","8","Mode"
"536","4400","8","Median"
"537","4425","7.924","Mean"
"538","4425","8","Mode"
"539","4425","8","Median"
"540","4450","8.069","Mean"
"541","4450","9","Mode"
"542","4450","8","Median"
"543","4475","7.908","Mean"
"544","4475","8","Mode"
"545","4475","8","Median"
"546","4500","8.005","Mean"
"547","4500","9","Mode"
"548","4500","8","Median"
"549","4525","7.917","Mean"
"550","4525","7","Mode"
"551","4525","8","Median"
"552","4550","8.089","Mean"
"553","4550","8","Mode"
"554","4550","8","Median"
"555","4575","7.947","Mean"
"556","4575","7","Mode"
"557","4575","8","Median"
"558","4600","7.994","Mean"
"559","4600","7","Mode"
"560","4600","8","Median"
"561","4625","7.962","Mean"
"562","4625","7","Mode"
"563","4625","8","Median"
"564","4650","8.095","Mean"
"565","4650","7","Mode"
"566","4650","8","Median"
"567","4675","7.953","Mean"
"568","4675","8","Mode"
"569","4675","8","Median"
"570","4700","7.858","Mean"
"571","4700","8","Mode"
"572","4700","8","Median"
"573","4725","7.989","Mean"
"574","4725","8","Mode"
"575","4725","8","Median"
"576","4750","8.158","Mean"
"577","4750","8","Mode"
"578","4750","8","Median"
"579","4775","8.053","Mean"
"580","4775","7","Mode"
"581","4775","8","Median"
"582","4800","8.003","Mean"
"583","4800","7","Mode"
"584","4800","8","Median"
"585","4825","7.86","Mean"
"586","4825","8","Mode"
"587","4825","8","Median"
"588","4850","8.075","Mean"
"589","4850","7","Mode"
"590","4850","8","Median"
"591","4875","8.112","Mean"
"592","4875","7","Mode"
"593","4875","8","Median"
"594","4900","7.952","Mean"
"595","4900","8","Mode"
"596","4900","8","Median"
"597","4925","7.955","Mean"
"598","4925","8","Mode"
"599","4925","8","Median"
"600","4950","7.951","Mean"
"601","4950","7","Mode"
"602","4950","8","Median"
"603","4975","8.205","Mean"
"604","4975","8","Mode"
"605","4975","8","Median"
"606","5000","7.882","Mean"
"607","5000","8","Mode"
"608","5000","8","Median"
"609","5025","7.949","Mean"
"610","5025","8","Mode"
"611","5025","8","Median"
"612","5050","8.137","Mean"
"613","5050","8","Mode"
"614","5050","8","Median"
"615","5075","8.098","Mean"
"616","5075","8","Mode"
"617","5075","8","Median"
"618","5100","8.136","Mean"
"619","5100","8","Mode"
"620","5100","8","Median"
"621","5125","8.151","Mean"
"622","5125","8","Mode"
"623","5125","8","Median"
"624","5150","8.103","Mean"
"625","5150","8","Mode"
"626","5150","8","Median"
"627","5175","8.113","Mean"
"628","5175","9","Mode"
"629","5175","8","Median"
"630","5200","8.12","Mean"
"631","5200","8","Mode"
"632","5200","8","Median"
"633","5225","8.258","Mean"
"634","5225","7","Mode"
"635","5225","8","Median"
"636","5250","8.048","Mean"
"637","5250","8","Mode"
"638","5250","8","Median"
"639","5275","8.251","Mean"
"640","5275","7","Mode"
"641","5275","8","Median"
"642","5300","8.166","Mean"
"643","5300","7","Mode"
"644","5300","8","Median"
"645","5325","8.213","Mean"
"646","5325","8","Mode"
"647","5325","8","Median"
"648","5350","8.116","Mean"
"649","5350","7","Mode"
"650","5350","8","Median"
"651","5375","8.105","Mean"
"652","5375","7","Mode"
"653","5375","8","Median"
"654","5400","8.085","Mean"
"655","5400","7","Mode"
"656","5400","8","Median"
"657","5425","8.257","Mean"
"658","5425","9","Mode"
"659","5425","8","Median"
"660","5450","8.111","Mean"
"661","5450","7","Mode"
"662","5450","8","Mode"
"663","5450","8","Median"
"664","5475","8.14","Mean"
"665","5475","8","Mode"
"666","5475","9","Mode"
"667","5475","8","Median"
"668","5500","8.269","Mean"
"669","5500","8","Mode"
"670","5500","8","Median"
"671","5525","8.284","Mean"
"672","5525","8","Mode"
"673","5525","8","Median"
"674","5550","8.134","Mean"
"675","5550","8","Mode"
"676","5550","8","Median"
"677","5575","8.31","Mean"
"678","5575","8","Mode"
"679","5575","8","Median"
"680","5600","8.198","Mean"
"681","5600","8","Mode"
"682","5600","8","Median"
"683","5625","8.097","Mean"
"684","5625","8","Mode"
"685","5625","8","Median"
"686","5650","8.069","Mean"
"687","5650","8","Mode"
"688","5650","8","Median"
"689","5675","8.326","Mean"
"690","5675","8","Mode"
"691","5675","8","Median"
"692","5700","8.252","Mean"
"693","5700","8","Mode"
"694","5700","8","Median"
"695","5725","8.17","Mean"
"696","5725","9","Mode"
"697","5725","8","Median"
"698","5750","8.133","Mean"
"699","5750","7","Mode"
"700","5750","8","Median"
"701","5775","8.334","Mean"
"702","5775","7","Mode"
"703","5775","8","Median"
"704","5800","8.258","Mean"
"705","5800","7","Mode"
"706","5800","8","Mode"
"707","5800","8","Median"
"708","5825","8.373","Mean"
"709","5825","9","Mode"
"710","5825","8","Median"
"711","5850","8.336","Mean"
"712","5850","7","Mode"
"713","5850","8","Median"
"714","5875","8.218","Mean"
"715","5875","7","Mode"
"716","5875","8","Median"
"717","5900","8.276","Mean"
"718","5900","7","Mode"
"719","5900","8","Median"
"720","5925","8.318","Mean"
"721","5925","8","Mode"
"722","5925","8","Median"
"723","5950","8.343","Mean"
"724","5950","8","Mode"
"725","5950","8","Median"
"726","5975","8.22","Mean"
"727","5975","7","Mode"
"728","5975","8","Median"
"729","6000","8.229","Mean"
"730","6000","8","Mode"
"731","6000","8","Median"
"732","6025","8.407","Mean"
"733","6025","8","Mode"
"734","6025","8","Median"
"735","6050","8.32","Mean"
"736","6050","8","Mode"
"737","6050","8","Median"
"738","6075","8.381","Mean"
"739","6075","7","Mode"
"740","6075","8","Median"
"741","6100","8.374","Mean"
"742","6100","9","Mode"
"743","6100","8","Median"
"744","6125","8.414","Mean"
"745","6125","8","Mode"
"746","6125","8","Median"
"747","6150","8.415","Mean"
"748","6150","8","Mode"
"749","6150","8","Median"
"750","6175","8.273","Mean"
"751","6175","8","Mode"
"752","6175","8","Median"
"753","6200","8.287","Mean"
"754","6200","7","Mode"
"755","6200","8","Median"
"756","6225","8.397","Mean"
"757","6225","9","Mode"
"758","6225","8","Median"
"759","6250","8.253","Mean"
"760","6250","7","Mode"
"761","6250","8","Median"
"762","6275","8.35","Mean"
"763","6275","8","Mode"
"764","6275","8","Median"
"765","6300","8.309","Mean"
"766","6300","8","Mode"
"767","6300","8","Median"
"768","6325","8.469","Mean"
"769","6325","7","Mode"
"770","6325","8","Median"
"771","6350","8.438","Mean"
"772","6350","8","Mode"
"773","6350","8","Median"
"774","6375","8.399","Mean"
"775","6375","7","Mode"
"776","6375","8","Mode"
"777","6375","8","Median"
"778","6400","8.452","Mean"
"779","6400","8","Mode"
"780","6400","8","Median"
"781","6425","8.423","Mean"
"782","6425","8","Mode"
"783","6425","8","Median"
"784","6450","8.338","Mean"
"785","6450","8","Mode"
"786","6450","8","Median"
"787","6475","8.52","Mean"
"788","6475","8","Mode"
"789","6475","8","Median"
"790","6500","8.241","Mean"
"791","6500","8","Mode"
"792","6500","8","Median"
"793","6525","8.353","Mean"
"794","6525","8","Mode"
"795","6525","8","Median"
"796","6550","8.298","Mean"
"797","6550","8","Mode"
"798","6550","8","Median"
"799","6575","8.488","Mean"
"800","6575","9","Mode"
"801","6575","8","Median"
"802","6600","8.376","Mean"
"803","6600","8","Mode"
"804","6600","8","Median"
"805","6625","8.459","Mean"
"806","6625","8","Mode"
"807","6625","8","Median"
"808","6650","8.39","Mean"
"809","6650","8","Mode"
"810","6650","8","Median"
"811","6675","8.295","Mean"
"812","6675","9","Mode"
"813","6675","8","Median"
"814","6700","8.365","Mean"
"815","6700","8","Mode"
"816","6700","8","Median"
"817","6725","8.301","Mean"
"818","6725","8","Mode"
"819","6725","8","Median"
"820","6750","8.38","Mean"
"821","6750","8","Mode"
"822","6750","8","Median"
"823","6775","8.472","Mean"
"824","6775","8","Mode"
"825","6775","8","Median"
"826","6800","8.36","Mean"
"827","6800","8","Mode"
"828","6800","8","Median"
"829","6825","8.36","Mean"
"830","6825","8","Mode"
"831","6825","8","Median"
"832","6850","8.535","Mean"
"833","6850","8","Mode"
"834","6850","8","Median"
"835","6875","8.401","Mean"
"836","6875","8","Mode"
"837","6875","8","Median"
"838","6900","8.447","Mean"
"839","6900","8","Mode"
"840","6900","8","Median"
"841","6925","8.319","Mean"
"842","6925","8","Mode"
"843","6925","8","Median"
"844","6950","8.553","Mean"
"845","6950","8","Mode"
"846","6950","8","Median"
"847","6975","8.339","Mean"
"848","6975","9","Mode"
"849","6975","8","Median"
"850","7000","8.316","Mean"
"851","7000","7","Mode"
"852","7000","8","Median"
"853","7025","8.444","Mean"
"854","7025","8","Mode"
"855","7025","8","Median"
"856","7050","8.548","Mean"
"857","7050","8","Mode"
"858","7050","8","Median"
"859","7075","8.51","Mean"
"860","7075","8","Mode"
"861","7075","8","Median"
"862","7100","8.365","Mean"
"863","7100","7","Mode"
"864","7100","8","Median"
"865","7125","8.529","Mean"
"866","7125","8","Mode"
"867","7125","8","Median"
"868","7150","8.396","Mean"
"869","7150","8","Mode"
"870","7150","8","Median"
"871","7175","8.501","Mean"
"872","7175","8","Mode"
"873","7175","8","Median"
"874","7200","8.301","Mean"
"875","7200","8","Mode"
"876","7200","8","Median"
"877","7225","8.29","Mean"
"878","7225","8","Mode"
"879","7225","8","Median"
"880","7250","8.33","Mean"
"881","7250","7","Mode"
"882","7250","8","Median"
"883","7275","8.538","Mean"
"884","7275","9","Mode"
"885","7275","8","Median"
"886","7300","8.471","Mean"
"887","7300","7","Mode"
"888","7300","8","Median"
"889","7325","8.491","Mean"
"890","7325","8","Mode"
"891","7325","8","Median"
"892","7350","8.456","Mean"
"893","7350","7","Mode"
"894","7350","8","Median"
"895","7375","8.553","Mean"
"896","7375","7","Mode"
"897","7375","8","Median"
"898","7400","8.338","Mean"
"899","7400","9","Mode"
"900","7400","8","Median"
"901","7425","8.565","Mean"
"902","7425","8","Mode"
"903","7425","8","Median"
"904","7450","8.329","Mean"
"905","7450","8","Mode"
"906","7450","8","Median"
"907","7475","8.447","Mean"
"908","7475","9","Mode"
"909","7475","8","Median"
"910","7500","8.623","Mean"
"911","7500","9","Mode"
"912","7500","9","Median"
"913","7525","8.545","Mean"
"914","7525","8","Mode"
"915","7525","8","Median"
"916","7550","8.492","Mean"
"917","7550","8","Mode"
"918","7550","9","Mode"
"919","7550","8","Median"
"920","7575","8.371","Mean"
"921","7575","8","Mode"
"922","7575","8","Median"
"923","7600","8.403","Mean"
"924","7600","8","Mode"
"925","7600","8","Median"
"926","7625","8.5","Mean"
"927","7625","8","Mode"
"928","7625","8","Median"
"929","7650","8.397","Mean"
"930","7650","8","Mode"
"931","7650","8","Median"
"932","7675","8.519","Mean"
"933","7675","9","Mode"
"934","7675","8","Median"
"935","7700","8.543","Mean"
"936","7700","8","Mode"
"937","7700","8","Median"
"938","7725","8.488","Mean"
"939","7725","9","Mode"
"940","7725","8","Median"
"941","7750","8.551","Mean"
"942","7750","8","Mode"
"943","7750","8","Median"
"944","7775","8.557","Mean"
"945","7775","9","Mode"
"946","7775","8","Median"
"947","7800","8.598","Mean"
"948","7800","8","Mode"
"949","7800","9","Mode"
"950","7800","9","Median"
"951","7825","8.497","Mean"
"952","7825","8","Mode"
"953","7825","8","Median"
"954","7850","8.45","Mean"
"955","7850","8","Mode"
"956","7850","8","Median"
"957","7875","8.636","Mean"
"958","7875","7","Mode"
"959","7875","8","Median"
"960","7900","8.585","Mean"
"961","7900","9","Mode"
"962","7900","8","Median"
"963","7925","8.487","Mean"
"964","7925","8","Mode"
"965","7925","8","Median"
"966","7950","8.455","Mean"
"967","7950","8","Mode"
"968","7950","8","Median"
"969","7975","8.458","Mean"
"970","7975","9","Mode"
"971","7975","8","Median"
"972","8000","8.51","Mean"
"973","8000","8","Mode"
"974","8000","8","Median"
"975","8025","8.569","Mean"
"976","8025","8","Mode"
"977","8025","8","Median"
"978","8050","8.708","Mean"
"979","8050","7","Mode"
"980","8050","9","Median"
"981","8075","8.377","Mean"
"982","8075","8","Mode"
"983","8075","8","Median"
"984","8100","8.638","Mean"
"985","8100","8","Mode"
"986","8100","8","Median"
"987","8125","8.536","Mean"
"988","8125","9","Mode"
"989","8125","8","Median"
"990","8150","8.676","Mean"
"991","8150","8","Mode"
"992","8150","8","Median"
"993","8175","8.477","Mean"
"994","8175","7","Mode"
"995","8175","8","Median"
"996","8200","8.494","Mean"
"997","8200","7","Mode"
"998","8200","9","Mode"
"999","8200","8","Median"
"1000","8225","8.494","Mean"
"1001","8225","8","Mode"
"1002","8225","8","Median"
"1003","8250","8.554","Mean"
"1004","8250","8","Mode"
"1005","8250","8","Median"
"1006","8275","8.738","Mean"
"1007","8275","7","Mode"
"1008","8275","9","Median"
"1009","8300","8.626","Mean"
"1010","8300","8","Mode"
"1011","8300","9","Median"
"1012","8325","8.683","Mean"
"1013","8325","8","Mode"
"1014","8325","9","Median"
"1015","8350","8.544","Mean"
"1016","8350","9","Mode"
"1017","8350","8","Median"
"1018","8375","8.65","Mean"
"1019","8375","7","Mode"
"1020","8375","9","Median"
"1021","8400","8.599","Mean"
"1022","8400","8","Mode"
"1023","8400","8","Median"
"1024","8425","8.573","Mean"
"1025","8425","9","Mode"
"1026","8425","9","Median"
"1027","8450","8.518","Mean"
"1028","8450","9","Mode"
"1029","8450","8","Median"
"1030","8475","8.589","Mean"
"1031","8475","7","Mode"
"1032","8475","8","Median"
"1033","8500","8.495","Mean"
"1034","8500","8","Mode"
"1035","8500","8","Median"
"1036","8525","8.725","Mean"
"1037","8525","7","Mode"
"1038","8525","9","Median"
"1039","8550","8.601","Mean"
"1040","8550","8","Mode"
"1041","8550","8","Median"
"1042","8575","8.689","Mean"
"1043","8575","8","Mode"
"1044","8575","9","Median"
"1045","8600","8.588","Mean"
"1046","8600","8","Mode"
"1047","8600","8","Median"
"1048","8625","8.717","Mean"
"1049","8625","8","Mode"
"1050","8625","9","Median"
"1051","8650","8.587","Mean"
"1052","8650","9","Mode"
"1053","8650","8","Median"
"1054","8675","8.553","Mean"
"1055","8675","8","Mode"
"1056","8675","8","Median"
"1057","8700","8.753","Mean"
"1058","8700","7","Mode"
"1059","8700","9","Median"
"1060","8725","8.658","Mean"
"1061","8725","8","Mode"
"1062","8725","8","Median"
"1063","8750","8.525","Mean"
"1064","8750","9","Mode"
"1065","8750","8","Median"
"1066","8775","8.671","Mean"
"1067","8775","9","Mode"
"1068","8775","9","Median"
"1069","8800","8.545","Mean"
"1070","8800","9","Mode"
"1071","8800","8","Median"
"1072","8825","8.717","Mean"
"1073","8825","8","Mode"
"1074","8825","9","Median"
"1075","8850","8.709","Mean"
"1076","8850","9","Mode"
"1077","8850","9","Median"
"1078","8875","8.467","Mean"
"1079","8875","8","Mode"
"1080","8875","8","Median"
"1081","8900","8.608","Mean"
"1082","8900","8","Mode"
"1083","8900","8","Median"
"1084","8925","8.543","Mean"
"1085","8925","8","Mode"
"1086","8925","8","Median"
"1087","8950","8.649","Mean"
"1088","8950","10","Mode"
"1089","8950","9","Median"
"1090","8975","8.64","Mean"
"1091","8975","8","Mode"
"1092","8975","9","Median"
"1093","9000","8.741","Mean"
"1094","9000","8","Mode"
"1095","9000","9","Median"
"1096","9025","8.582","Mean"
"1097","9025","8","Mode"
"1098","9025","8","Median"
"1099","9050","8.7","Mean"
"1100","9050","8","Mode"
"1101","9050","9","Median"
"1102","9075","8.706","Mean"
"1103","9075","9","Mode"
"1104","9075","9","Median"
"1105","9100","8.829","Mean"
"1106","9100","8","Mode"
"1107","9100","9","Median"
"1108","9125","8.68","Mean"
"1109","9125","8","Mode"
"1110","9125","8","Median"
"1111","9150","8.721","Mean"
"1112","9150","9","Mode"
"1113","9150","9","Median"
